{
	"Entries": {
				"give_flowersA": "A bouquet!$6#$b#I admit I'd have accepted even a handful of hay, if it's from you.$4",
				"give_flowersB": "...! I accept!$h#$b#I still have work here.$4#$b#But I'm sure we'll make it work.$h",
				"give_pendant": "Yes! Of course yes!$h#$b#I love you so, so much!$4#$b#Things will be awkward, but I'll go talk to Lewis about arranging our wedding.$h",
				"stardrop_gift": "'Oh, sweetie, can you talk for a second?$4#$b#I wanted to give you this stardrop to show my love.$h#$b#Without you, I'd still be stuck in that dead-end relationship. This... is much better.$h",
				"rejectNPCA": "Huh?$4#$b#I'm sorry... but I'm not interested in you.$2",
				"rejectNPCB": "You're a good man.. but I'm not interested in that.$3^You're a good woman.. but I'm not into you.$3",
				"reject_two_heartA": "That's sweet, but I don't like you like that.$6",
				"reject_two_heartB": "Aren't we both farmers? How would you suggest we run them both?$h",
				"reject_four_heartA": "... I wish the one I liked would give me one.$2",
				"reject_four_heartB": "I don't know how to tell you my heart belongs to another.$2",
				"engageA": "This isn't something you should be doing.$2",
				"engageB": "I hope you're not expecting me to say yes.$3",
				"marriedA": "How cruel... %spouse doesn't deserve this.$3",
				"marriedB": "What are you getting at showing this to me.$2",
				"refusal_knownA": "Shane is an elegible young man. Have you met him? I know he can be prickly, but...$h",
				"refusal_knownB": "Jas and Shane need me here. No, thank you.",
				"refusal_botherA": "Again!? Why...? $7",
				"refusal_botherB": "Stop it. I've made myself clear.$s",
				"refusal_no_heartsA": "I would love to get married... just not to you...$2",
				"refusal_no_heartsB": "Oh... well thanks... but I need to say no.$h",
				},
}