{
		"rain": "GOTO spring",
		"spring_25": "800 Trailer 15 4 2 pam_sit_down/1130 Hospital 4 17 2 pam_sit_down \"Strings\\schedules\\Pam:spring_25.000\"/1330 Hospital 4 6 1 \"Strings\\schedules\\Pam:spring_25.001\"/1600 Saloon 7 18 1/2400 Trailer 15 4 2 pam_sit_down",
		"bus": "800 Trailer 15 4 2 pam_sit_down/830 BusStop 11 10 2/1700 Saloon 7 18 1/2400 Trailer 15 4 2 pam_sit_down",
		"spring": "800 Trailer 15 4 2 pam_sit_down/1200 JojaMart 6 19 1/1600 Saloon 7 18 1/2400 Trailer 15 4 2 pam_sit_down",
		"JojaMart_Replacement": "SeedShop 2 24 3",
		"marriage_Sun": "830 Trailer 15 4 2 pam_sit_down \"Strings\\schedules\\Pam:marriage_Sun.000\"/1400 Trailer 11 7 0 \"Strings\\schedules\\Pam:marriage_Sun.000\"/1700 BusStop -1 23 3",
		"marriage_Fri": "830 BusStop 11 10 2 \"Strings\\schedules\\Pam:marriage_Mon.000\"/1600 Saloon 7 18 1 \"Strings\\schedules\\Pam:marriage_Fri.000\"/2200 BusStop -1 23 3",
		"marriage_Tue": "900 SeedShop 16 29 3 \"Strings\\schedules\\Pam:marriage_Tue.000\"/1100 SeedShop 13 26 1 \"Strings\\schedules\\Pam:marriage_Tue.001\"/1200 SeedShop 5 22 3 \"Strings\\schedules\\Pam:marriage_Tue.002\"/1330 SeedShop 3 19 2 \"Strings\\schedules\\Pam:marriage_Tue.003\"/1500 BusStop -1 23 3",
		"marriage_Mon": "830 BusStop 11 10 2 \"Strings\\schedules\\Pam:marriage_Mon.000\"/1700 BusStop -1 23 3",
		"marriage_Wed": "830 BusStop 11 10 2 \"Strings\\schedules\\Pam:marriage_Wed.000\"/1700 BusStop -1 23 3",
		"marriage_Thu": "GOTO marriage_Mon",
		"marriage_Sat": "GOTO marriage_Wed",
}