{
		"rain": "GOTO winter",
		"spring_9": "610 Beach 38 36 2 dick_fish/850 FishShop 5 4 2 \"Strings\\schedules\\Willy:spring_9.000\"/1010 Hospital 12 14 0 \"Strings\\schedules\\Willy:spring_9.001\"/1330 Hospital 4 6 1 \"Strings\\schedules\\Willy:spring_9.002\"/1600 Saloon 17 22 2 \"Strings\\schedules\\Willy:spring_9.003\"/2320 FishShop 4 4 2",
		"winter_15": "1630 Saloon 17 22 2 \"Strings\\schedules\\Willy:winter_15.000\"/2420 FishShop 4 4 2",
		"winter_16": "1630 Saloon 17 22 2 \"Strings\\schedules\\Willy:winter_16.000\"/2420 FishShop 4 4 2",
		"winter_17": "1630 Saloon 17 22 2 \"Strings\\schedules\\Willy:winter_17.000\"/2420 FishShop 4 4 2",
		"winter": "610 Beach 38 36 2 dick_fish/850 FishShop 5 4 2/1700 Saloon 17 22 2 \"Strings\\schedules\\Willy:winter.000\"/2320 FishShop 4 4 2",
		"Sat": "610 Forest 91 40 2 dick_fish/1400 Town 59 100 2 dick_fish/1900 Saloon 17 22 2 \"Strings\\schedules\\Willy:Sat.000\"/2300 FishShop 5 4 2",
		"Fri": "610 Beach 38 36 2 dick_fish/850 FishShop 5 4 2/1700 Saloon 17 22 2 \"Strings\\schedules\\Willy:Fri.000\"/2320 FishShop 4 4 2",
		"spring": "610 Beach 38 36 2 dick_fish/850 FishShop 5 4 2/1700 Beach 25 36 2 dick_fish/2200 FishShop 4 4 2",
		"marriage_Tue": "800 FishShop 5 4 2 \"Strings\\schedules\\Willy:marriage_Tue.000\"/1700 BusStop -1 23 3",
		"marriage_Thu": "800 FishShop 5 4 2 \"Strings\\schedules\\Willy:marriage_Thu.000\"/1330 BusStop -1 23 3",
		"marriage_Fri": "630 Beach 38 36 2 dick_fish/850 FishShop 5 4 2 \"Strings\\schedules\\Willy:marriage_Fri.000\"/1700 Saloon 17 22 2 \"Strings\\schedules\\Willy:marriage_Fri.001\"/2200 BusStop -1 23 3",
		"marriage_Sun": "700 Forest 91 40 2 dick_fish/1200 Beach 38 36 2 dick_fish/1630 BusStop -1 23 3"
}