{
//Checks books in room, brews potions, meditates in basement, meditates upstairs
"Mon": "610 WizardHouse 2 5 0/900 WizardHouse 3 19 2/950 WizardHouse 2 22 0/1030 WizardHouse 1 19 0/1100 WizardHouse 3 22 0/1130 WizardHouse 8 13 0/1200 WizardBasement 23 6 2 Wizard_Meditate/1630 WizardHouse 5 17 2/1800 WizardHouse 10 17 2 Wizard_Meditate/2000 WizardHouse 5 17 2",

//Brews potions, meditates, goes to sleep
"Tue": "930 WizardHouse 3 22 0/1130 WizardHouse 2 17 3/1150 WizardHouse 8 13 0/1240 WizardHouse 10 17 2 Wizard_Meditate/1600 WizardHouse 3 19 2 Wizard_LookDown/1700 WizardHouse 4 17 2",

//In basement all day
"Wed": "900 WizardHouse 3 17 1/1130 WizardBasement 23 6 2 Wizard_Meditate/1800 WizardBasement 14 5 0/1840 WizardBasement 18 5 0/1940 WizardHouse 3 22 0/2120 WizardHouse 4 17 2",

//Meditates all morning, checks plants, brews potions
"Thu": "630 WizardHouse 10 17 2 Wizard_Meditate/1210 WizardHouse 10 29 0/1240 WizardHouse 11 32 1/1300 WizardHouse 7 32 3/1320 WizardHouse 2 29 0/1340 WizardHouse 2 29 3/1400 WizardHouse 5 17 2",

//In basement all morning reading, goes outside and meditates, brews potions
"Fri": "610 WizardHouse 2 17 3/630 WizardBasement 4 18 3/730 WizardBasement 4 16 3/750 WizardBasement 4 14 3/820 WizardBasement 4 10 3/850 WizardBasement 10 13 0/920 WizardBasement 11 13 0/940 WizardBasement 13 13 0/1000 WizardBasement 19 13 0/1020 WizardBasement 21 13 0/1040 WizardBasement 14 5 0/1110 WizardBasement 19 5 0/1130 WizardBasement 23 5 0/1210 WizardHouse 4 17 2/1330 Forest 12 27 2 Wizard_Meditate/1640 WizardHouse 4 17 2/1740 WizardHouse 3 22 0/1840 WizardHouse 3 17 2",

//Stands in one spot for the day
"Sat": "730 WizardHouse 5 17 2",

//Meditates outside, gathers samples from magic crops, goes 
"Sun": "610 WizardHouse 5 17 2/630 Forest 14 28 2 Wizard_Meditate/830 WizardHouse 5 15 2/1050 Forest 10 24 0/1140 Forest 4 23 3/1220 Forest 1 24 1/1240 Forest 2 26 0/1300 WizardHouse 8 13 0/1400 WizardHouse 2 17 3/1430 WizardHouse 10 17 2 Wizard_Concentrate2/1600 WizardHouse 4 17 2",

//Checks books in room, brews potions, meditates in basement, meditates upstairs
"rain": "610 WizardHouse 2 5 0/900 WizardHouse 3 19 2/950 WizardHouse 2 22 0/1030 WizardHouse 1 19 0/1100 WizardHouse 3 22 0/1130 WizardHouse 8 13 0/1200 WizardBasement 23 6 2 Wizard_Meditate/1630 WizardHouse 5 17 2/1800 WizardHouse 10 17 2 Wizard_Meditate/2000 WizardHouse 5 17 2",


//SPECIAL SCHEDULES
//Visits Marlon for the day
"22": "810 WizardHouse 10 17 2 Wizard_Meditate/1130 AdventureGuild 4 13 0/2200 WizardHouse 3 17 2",
//Assesses the magical barrier in the western woods for the day
"12": "620 WizardHouse 3 22 0/900 ForestWest 52 117 0 Wizard_Concentrate/1900 WizardHouse 4 17 2",
}