{
		"Rainy_Day_Wizard": "It's raining outside.#$e#I can practically feel the energy coming down with every drop. It's a hard feeling to describe.",
		"Rainy_Night_Wizard": "Oh, my. You're completely soaked.$3#$e#You should probably get out of those clothes.#$e#...$4",
		"Indoor_Day_Wizard": "I tried making breakfast this morning. [194 210]#$e#It's nothing intricate, but it's edible.$4",
		"Indoor_Night_Wizard": "My day was quite frustrating...$s#$e#But tell me about yours. I'm sure it was much more productive than mine.$7",
		"Outdoor_Wizard": "You look quite stunning in the natural light, love.$6",
		"spring_Wizard": "Is it spring already? Hmm.",
		"summer_Wizard": "The changing of seasons is rather trivial in the grand scheme of things.#$e#That being said, the summer heat is an atrocity...",
		"fall_Wizard": "Is summer usually this cool?#$e#What? It's fall already...?#$e#Maybe I should take a walk every once in a while...",
		"winter_Wizard": "I think it snowed last night, love.",
		"Rainy_Day_0": "It's raining outside.#$e#I can practically feel the energy coming down with every drop. It's a hard feeling to describe.",
		"Rainy_Day_1": "Ah, rain...#$e#I plan to do some complex rituals today.$7",
		"Rainy_Day_2": "It's important to stay warm and dry on days like today, love. This should help. [395]$7",
		"Rainy_Day_3": "The rain is quite beneficial for my pursuits.#$e#But I know it inhibits your own, love. Let me know if you need my assistance.$8",
		"Rainy_Day_4": "I'm hoping to advance my magic to the point that I can directly control the weather.#$e#It will be difficult, I know, but it would be extremely beneficial for both of us.$9",
		"Rainy_Night_0": "I had a very productive day.$7#$e#What did you do today, love?$9",
		"Rainy_Night_1": "I made some soup to help warm you up. [236 219 456]#$e#I'm... not the best cook. I apologize if it's not very good.$8",
		"Rainy_Night_2": "Oh, my. You're completely soaked.$3#$e#You should probably get out of those clothes.#$e#...$4",
		"Rainy_Night_3": "The house is so quiet when you're out doing your work.#$e#Somehow, it's even more so when it's raining.#$e#I'm glad you're home.$9",
		"Rainy_Night_4": "I find it much easier to fall asleep with the sound of rain as a backdrop.",
		"Indoor_Day_0": "I may have discovered a new sort of elemental.#$e#I'll be quite busy today.",
		"Indoor_Day_1": "I've let the house get too messy.$s#$e#I'll clean it today. You don't have to worry about it.",
		"Indoor_Day_2": "I found a spider near the bed earlier.#$e#You needn't worry. I quietly sent it to another plane.$7",
		"Indoor_Day_3": "I tried making breakfast this morning. [194 210]#$e#It's nothing intricate, but it's edible.$4",
		"Indoor_Day_4": "Here, try this, love. [195]$7#$e#I think I'm getting a little better at cooking.$7#$e#No, it's not a magical omelette...$4",
		"Indoor_Night_0": "This was left over from my rituals today, love. I thought maybe you could use it. [66 767 90 259 394 440]$7",
		"Indoor_Night_1": "I cleaned up the house today, love.$9",
		"Indoor_Night_2": "I tried cooking dinner, but it burnt...$8#$e#I had to resort to warming up a frozen pizza. I hope that's alright with you. [206]",
		"Indoor_Night_3": "I made dinner, love! No magic this time, I promise. [218 730 649]$7#$e#I hope you like it.$9",
		"Indoor_Night_4": "My day was quite frustrating...$s#$e#But tell me about yours. I'm sure it was much more productive than mine.$7",
		"Outdoor_0": "I find I can think more clearly outside some days, while other days it simply hinders my progress.#$e#It can be frustrating.$a",
		"Outdoor_1": "Have you visited your grandfather's shrine recently?#$e#There seems to be a great deal of otherworldly energy there.",
		"Outdoor_2": "Let me know if you need me to do anything, love.$9#$e#I sometimes get swept up in what I'm doing and forget that you do a great deal as well.",
		"Outdoor_3": "The weather is quite nice today, isn't it?$7#$e#I have some work to do later, but I am content to relax for a moment.$9",
		"Outdoor_4": "You look quite stunning in the natural light, love.$6",
		"OneKid_0": "I will admit, I know next to nothing about raising a child.$s#$e#But I will do my best to be of use.",
		"OneKid_1": "I think %kid1 has taken a liking to me...$s#$e#It is a very odd thing, being a parent... But it is strangely rewarding.$7",
		"OneKid_2": "I will soon begin to teach %kid1 the ways of arcane magic.#$e#It's best to start at a young age.",
		"OneKid_3": "A child of my own... I never thought I would see the day.$7",
		"TwoKids_0": "It doesn't seem as though %kid1 is very fond of %kid2.$8#$e#I would not know from my own experiences, but what little I've read about children says this is a normal occurence.",
		"TwoKids_1": "Does it trouble you to know that %kid1 and %kid2 could have a half-sibling among the villagers?$8",
		"TwoKids_2": "%kid1 has certainly gotten big. It is about time for magical training to begin.$9#$e#%kid2 is still a tad too young.",
		"TwoKids_3": "For such small creatures, infants eat so much. It astounds me, and I am an all-powerful master of the arcane arts.$s",
		"Good_0": "I thought I was truly meant to be alone until I met you, @. I didn't know two people could love and support each other so well.$7",
		"Good_1": "I do hope you know how handsome you look today, love.$6^I do hope you know how beautiful you look today, love.$6",
		"Good_2": "I know I don't express it well, but I love you, @.$4#$e#You mean the world to me.$6",
		"Good_3": "Stay safe, love. There are many wonders beyond the farm, but promise me you'll always make it back home.$9",
		"Good_4": "Thank you for always eating my cooking, love... Even though it isn't the best.",
		"Good_5": "I may be the magister, but you've truly got me under your spell, love.$7#$e#...That was awful. My apologies.$4",
		"Neutral_0": "I sensed my ex-wife's presence the other night and I awoke in the morning with a terrible headache...$s",
		"Neutral_1": "What are your plans for the day, love?",
		"Neutral_2": "How is the farm doing financially?#$e#If we're ever in trouble, I will assist however I can. My own work can wait.",
		"Neutral_3": "Cooking can be both a frustrating and rewarding activity.$s",
		"Neutral_4": "The valley is a wonderful place to study magic.",
		"Bad_0": "Leave me alone. I'm busy.$5",
		"Bad_1": "You hardly ever speak to me anymore. It's like I still live alone in my tower.$s",
		"Bad_2": "...$s",
		"Bad_3": "I already have an ex-wife. Keep up your behavior and I'll have an ex-husband, too.$5^I already have an ex-wife. Keep up your behavior and I'll have two.$5",
		"Bad_4": "You're an awful person, just like the rest of this forsaken town.$5",
		"funLeave_Wizard": "I have some business to attend to today.#$e#Don't mind me, love... I'll be back soon enough.$9",
		"funReturn_Wizard": "It's quite strange... my tower hasn't changed one bit, but it feels so empty there now.$8#$e#I was so accustomed to being alone, but now I can't wait to get back home and see you.$6",
		"spring_1": "A new year... Let's hope it is bountiful for both of us.",
		"spring_12": "I understand not the purpose of tomorrow's festival.#$e#It seems to be a terrible waste of eggs...$s#$e#Though I will go if you do, love.",
		"spring_23": "The thought of dancing in front of the entire town is highly unpleasant.#$e#But I will endure it... only for you, love.$4",
		"summer_1": "I find it hard to concentrate in the intense summer heat...#$e#Perhaps I can conjure some sort of air conditioner.$3",
		"summer_10": "There's no telling what would happen if you put a magical item in tomorrow's soup.$3#$e#...I recommend you do not do that.",
		"summer_27": "I find watching the moon jellies to be quite relaxing.#$e#Let us enjoy it together.$6",
		"fall_1": "Fall is my favorite season. I can practically smell the magic in the air, flowing around us like a breeze.$9",
		"fall_15": "The fair is quite popular, isn't it?#$e#I prefer to avoid large crowds... but I am more than willing to go, if only to spend time with you, love.$9",
		"fall_26": "I quite enjoy tomorrow's festivities. I actually have a hand in setting it all up, believe it or not.#$e#I hope the maze isn't too scary for you, love.$7",
		"winter_1": "The snow has a quiet, romantic feel, doesn't it, love?#$e#Do try and stay warm... I'll help however I can.$6",
		"winter_7": "I would offer my magical assistance for the competition tomorrow, but I know you won't need it.#$e#...Do let me know if you want my help, though.$7",
		"winter_24": "Tomorrow's festivities seem rather pointless.#$e#Most earthly posessions are not worth going to any trouble for.",
		"winter_28": "It's been a truly magical year, hasn't it?$7#$e#Yes... I've been drinking a little. Here, join me. [346]$6#$e#Here's to another wonderful year together, love.",
		"spouseRoom_Wizard": "#$c .5#Hm... Three and four... Four and five...#$e#No, no, that's not it...$5#$e#Where did I leave that book...?$5",
		"patio_Wizard": "...Hmm? It's a ritual circle."
}