{
	"Entries": {
						"282815616/D Pam/f Pam 2000/t 1400 1800": "continue/14 6/farmer -30 30 0 Penny -40 -40 0 Pam 15 7 2/skippable/playSound doorClose/warp farmer 12 9/pause 100/emote Pam 16/faceDirection Pam 3/pause 200/speak Pam \"Oh! Hey there, @!$h\"/pause 200/emote farmer 32/move farmer 0 -1 1/move farmer 2 0 0/move farmer 0 -1 1/speak Pam \"I'm just fiddlin' with the antenna... Picture's not comin' in clear.\"/faceDirection Pam 2/pause 2000/playSound clank/speak Pam \"Ah, there we go. Nice 'n' clear.$h\"/faceDirection Pam 3/speak Pam \"So, what brings ya here to see an old girl like me?$h\"/pause 500/emote farmer 32/speak Pam \"Just visiting, eh? Great! Let me get us some coffee.$h\"/move farmer 0 -1 2/move Pam -4 0 0/move farmer 0 1 3/move farmer -1 0 3/pause 2000/emote Pam 12/speak Pam \"Stupid coffee maker's not plugged in...$4\"/pause 1000/emote Pam 12/speak Pam \"@, come reach around me and plug in that cord, will ya? I can't quite reach the outlet...\"/pause 300/move farmer -1 0 3/pause 500/faceDirection farmer 0/pause 2000/faceDirection Pam 1/faceDirection farmer 3/speak Pam \"Phew! That was more trouble than it shoulda' been!$h#$b#Penny musta' unplugged it this mornin' before she left...\"/pause 1000/emote Pam 40/speak Pam \"You're... standin' a little close to me, eh, @?$7\"/question fork1 \"#Stay close#Step back\"/fork tooClose/pause 500/speak Pam \"You're not scared, eh?$7#$b#Weird kid.$5\"/pause 1000/playSound doorClose/warp Penny 12 9/emote Penny 16/speak Penny \"Oh... Hi, mom. Hi, @...$2\"/faceDirection Pam 2/faceDirection farmer 2/pause 200/speak Pam \"What'sa matter, Penny?$s\"/pause 200/speak Penny \"...$5\"/pause 100/speak Pam \"Penny! The hell's the matter with you?$4\"/pause 1000/emote Penny 12/pause 1000/speak Penny \"Mom, this is so awkward! I can't handle it anymore!$s\"/emote Pam 8/speak Pam \"The hell're you talkin' about?$4\"/pause 1000/speak Penny \"This... this whole... whatever this is... with @!$s\"/pause 200/emote farmer 28/pause 500/speak Pam \"What the...? What do you think is goin' on here?$3\"/pause 100/speak Penny \"I already know.$s#$b#Mom, don't you think it's even a LITTLE bit weird that you're seeing someone the same age as your daughter?$s\"/pause 1000/emote farmer 28/pause 1000/speak Pam \"...$s\"/pause 1000/faceDirection Pam 1/speak Pam \"@... Sorry... maybe it's best if I stop by later.$s\"/pause 100/emote farmer 40/question fork1 \"What should I say?#Penny, you should respect your mom's decision.#Penny, you've got it all wrong.\"/fork wrongPenny1/faceDirection Pam 2/pause 1000/speak Penny \"...!$s\"/pause 1000/speed Penny 4/move Penny 0 -1 3/speed Penny 4/move Penny -6 0 0/speed Penny 4/move Penny 0 -3 3/speed Penny 4/move Penny -4 0 0/pause 500/speak Pam \"...$s#$b#I should probably go talk to 'er...$s\"/pause 100/emote farmer 60/pause 500/speak Pam \"Hey... it'll be okay. It's hard for kids to see their parents...#$b#...dating.$5\"/pause 1000/speak Pam \"So... I'll see ya later.$5\"/pause 2000/end warpOut",
						"tooClose": "move farmer -1 0 3/pause 1000/speak Pam \"You didn't have to back up all quick like that, y'know...#$b#I was just kiddin'.\"/pause 200/playSound doorClose/warp Penny 12 9/emote Penny 16/speak Penny \"Oh... Hi, mom. Hi, @.\"/faceDirection Pam 2/faceDirection farmer 2/pause 200/speak Pam \"How was work, hun?\"/speak Penny \"Fine. I've got some papers to grade, though.\"/pause 100/speak Pam \"Well, don't let us stop ya.$h\"/speak Penny \"Nice to see you, @.\"/move Penny 0 -1 3/move Penny -6 0 0/move Penny 0 -3 3/move Penny -4 0 0/pause 500/speak Pam \"Well, I'll stop by the farm later, @.#$b#Gonna cook up some dinner for me 'n' the kiddo.#$b#See ya later.\"/pause 1200/end warpOut",
						"wrongPenny1": "pause 500/faceDirection Pam 2/speak Penny \"...$s\"/pause 1000/speak Penny \"Do you think I'm stupid...?$s\"/faceDirection Penny 1/pause 2000/faceDirection Penny 0/speak Penny \"I guess it's none of my business anyways.$s\"/speed Penny 4/move Penny 0 -1 3/move Penny -6 0 0/move Penny 0 -3 3/move Penny -4 0 0/pause 1000/speak Pam \"...$s#$b#I should probably go talk to 'er...$s\"/pause 100/emote farmer 60/pause 500/speak Pam \"I'll see ya later, eh?$s\"/pause 1000/friendship Pam -100/end warpOut",
						"282815618/D Pam/f Pam 2500/t 1200 2000/n pennyDinner": "musicboxsong/-1000 -1000/farmer -30 -30 0 Pam 12 8 0/skippable/changeToTemporaryMap niceTrailer/viewport 13 7 true/pause 500/playSound doorClose/warp farmer 12 9/emote Pam 16/faceDirection Pam 2/pause 200/speak Pam \"...That Penny, huh?$4#$b#Look at all this...$4\"/pause 500/move Pam 1 0 0/move Pam 0 -2 1/move farmer 0 -1 1/move farmer 1 0 0/move farmer 0 -1 1/pause 500/speak Pam \"Yep, that's my girl's work. No doubt about it.#$b#Frozen pizza. She can't cook for nothin'.$h\"/pause 500/faceDirection Pam 2/speak Pam \"Not bad though, eh? I'm glad she came around after all.#$b#I really like you, @. I wanna keep ya around.$5\"/faceDirection farmer 0/pause 500/question fork1 \"#I like you, too.#This seems kind of romantic...\"/fork tooRomantic/pause 500/emote Pam 20/pause 200/speak Pam \"I'm glad you're all mine, y'know that?$5#$b#I'm yours too, of course...$5\"/pause 300/emote farmer 56/pause 500/speak Pam \"We make a good pair.$h#$b#Now whaddya say let's eat? Looks like Penny brought out the good wine.$h\"/pause 1500/globalFade/viewport -1000 -1000/changeLocation Trailer/friendship Penny 150/end warpOut",
				},
}