{
	"Entries": {
				"marriage_Sun.000": "I figured I'd come say hi to Penny.",
				"marriage_Fri.000": "Hey, snookums. Figured I'd come give a nod to ol' Gus.",
				"marriage_Tue.000": "Hey, sweetie pie. Just doin' some shopping.",
				"marriage_Tue.001": "You need anything from here, sweetie?",
				"marriage_Tue.002": "Hey, wait up for me, sweetie. I'm almost done here.",
				"marriage_Tue.003": "Just gotta pay and I'll head home. See ya there, snookums.",
				"marriage_Mon.000": "Hey, snookums. Need a ride to the desert?",
				"marriage_Wed.000": "Hiya, sweetie pie. Another day of work... I'll be home before ya know it.",
				},
}