{
	"Entries": {
				"give_flowersA": "It's not gonna make me love you more than I already do, ya know?$5",
				"give_flowersB": "I actually like these. Kinda pretty. Thanks, snookums.$5",
				"give_pendant": "Haha, I've already got the one from before.",
				"engageA": "We're already getting married, sweetie.$7",
				"engageB": "I only need the one, hun.$6",
				"marriedA": "You askin for a second wedding? Well... I supposed I don't mind.$7",
				"marriedB": "Where are you finding these pendants, snookums?$6",
				},
}