{
	"Entries": {
						"danceRejection": "No thanks, I'm good.",
						"Mon8": "Oh. It's nice to see you, @!$h",
						"Mon10": "Hi, @! It's... it's nice to see you!$4",
						"Tue10": "Oh... it's nice of you to stop by, @.$h#$e#No, I'm not too busy... it's been a slow week so far.",
						"Wed8": "Oh! Uh... hi, @. I didn't hear you come in.$4#$e#What do you think of the weather lately...?",
						"Wed10": "Need a tool upgraded?#$e#No...? Oh... you just came to say hi?$4",
						"Thu10": "Hi, @! I'm happy you're here.$h#$e#It was getting a little lonely in here.",
						"Fri8": "Uh... any plans for the weekend, @?$4",
						"Fri10": "It's Friday... so that's good!#$e#The weekends are always nice...$h",
						"Sat10": "You even come by on the weekends...$s#$e#Sorry... I just don't understand why.$4",
						"Sun10": "Well, it's another busy week tomorrow.#$e#Good luck, @.$h",
						"event_blacksmith1": "Um, okay. Great. Sorry, just give me a second...$s",
						"event_blacksmith2": "Really? Great. Let me just grab my order sheet...",
						"event_blacksmith3": "...Oh.$8#$b#...Really?$4",
						"event_sadclint1": "O-oh. Thank you, @. That... that means a lot.$4",
						"event_sadclint2": "You too, huh?$s#$b#Well... maybe we can be sad and lonely together.$h",
						"event_iron1": "W-well, I don't come here too often...$s",
						"event_iron2": "Uh, I, uh... I just finished up...$s#$b#Phew! I'm all tired out...$h",
						"event_iron3": "Wh-wh-what? Why... Why not?$s",
						"divorced": "...What do you need?$s",
				},
}