{
	"Entries": {
				"give_flowersA": "Flowers...for me...$9#$b#I had no idea you felt that way... I accept!$4#$b#...I guess this means I'm your boyfriend...$h",
				"give_flowersB": "Really? Even after how I ignored you in favor of Emily?$9#$b#Absolutely. I never would have thought...$4#$b#I'm so happy to be your boyfriend.$h",
				"give_pendant": "...! I...are you serious? Yes!$11#$b#This is too good to be true... I'm not sure I didn't accidentally give myself a concussion with my tools, but...$6#$b#I'm so happy. I'll talk to the mayor. Everything should be ready in three days.",
				"stardrop_gift": "@, my gem, you have always been so good to me.$4#$b#I thought that this stardrop would be a wonderful way to show my affection and gratitude.$1#$b#Thank you so much, my jewel of a husband.$4^Thank you so much, my jewel of a wife.$4",
				"rejectNPCA": "...$9#$e#%Clint is frozen... I don't think he knows what to do....",
				"rejectNPCB": "...$9#$e#%Clint is frozen... I don't think he knows what to do....",
				"reject_two_heartA": "I just upgrade the tools, @.$8",
				"reject_two_heartB": "That's... nice. But... no.$8",
				"reject_four_heartA": "I'm sorry... I like someone else.$4",
				"reject_four_heartB": "Oh... I mean.. well...$8#$b#I think we should just be friends.$2",
				"engageA": "Aren't you getting married?$2",
				"engageB": "What?$4",
				"marriedA": "Aren't you married to %spouse?",
				"marriedB": "I'm sure %spouse is at home being faithful to you.  You should do the same.$3",
				"refusal_knownA": "%Clint looks terrified.",
				"refusal_knownB": "I'm sorry, no.$8",
				"refusal_botherA": "%Clint looks annoyed.",
				"refusal_botherB": "Stop it. I've made myself clear.$3",
				"refusal_no_heartsA": "Duuhhhhhhhh$9#$b#%Clint cannot even say yes or no...",
				"refusal_no_heartsB": "Duuhhhhhhhh$9#$b#%Clint cannot even say yes or no...",
				},
}