{
	"Entries": {
				"give_flowersA": "Flowers... they still don't compare to you, gem.$4",
				"give_flowersB": "I'm very glad you asked me out. I never would have imagined our life now.$4",
				"give_pendant": "Did you just have more than one on hand?.$9",
				"engageA": "I... think it would send the wrong message if I wore more than one.$9",
				"engageB": "I only need the one, my gem.$4",
				"marriedA": "We're already happily married. I don't need more proof of our love.$h",
				"marriedB": "Where did you get another, gem?$9",
				},
}