{
	"Entries": {
				"give_flowersA": "Now skipper, these aren't going to do well in the sea salt at work.$4",
				"give_flowersB": "Yes, they're lovely. But not as much as you, skipper.$h",
				"give_pendant": "Haha, skipper. Didn't you already ask?$h#$b#Yes again, in case it was a dream.$4",
				"engageA": "It's very unusal to have multiple. Does the mariner think you have more lovers?$h",
				"engageB": "Mermaids... it's strange that they just let us have these to declare eternal love, don't you think?",
				"marriedA": "These are supposed to be rare. Where do you keep getting them?",
				"marriedB": "How many did that mariner give you?",
				},
}