{
	"Entries": {
				"marriage_Mon.000": "Hello, dear. I'm here to check in with Pierre... and do some grocery shopping.$h",
				"marriage_Mon.001": "Robin's business is booming as usual.",
				"marriage_Wed.000": "Oh, hi, dear! I'm here checking on Marnie's business.",
				"marriage_Wed.001": "Willy's shop sure is in a peaceful place.$h",
				"marriage_Fri.000": "I always like coming to check on the library. It's a nice, quiet place.",
				"marriage_Fri.001": "I'm here to collect Clint's business tax.",
				"marriage_Fri.002": "I'm glad you're here, honey! Grab a drink and let's dance.$h",
				},
}