{
	"Entries": {
				"give_flowersA": "Oh my!$h#$b#... I suppose... I accept!$4#$b#... I'm making something official...$h",
				"give_flowersB": "Are you being serious right now?$h#$b#Absolutely. I never would have thought...$4#$b#... I'm making something official...$h",
				"give_pendant": "...! I...are you serious? Yes!$4#$b#This is too good to be true... $4#$b#I'm so happy. Don't worry, I'll get all the paperwork done for it. Should take about three days.$h",
				"stardrop_gift": "@, my dear, who showed me another way to love.$4#$b#This stardrop, just as rare as you, should be the perfect gift.$h#$b#The old town stories has it it's flavour is legendary.$h",
				"rejectNPCA": "Sorry but I am not comfortable with this situation.$2",
				"rejectNPCB": "Ah, no thank you...#$b#Why don't you get sweet with the younger bunch.$1",
				"reject_two_heartA": "Ah... I don't think I can plant picked flowers.",
				"reject_two_heartB": "This really would be a better gift for one of the more elegible townsfolk.",
				"reject_four_heartA": "I'm afraid I'm married to my job, @.#$b#The mayor cannot have favourites.$2",
				"reject_four_heartB": "Oh... I mean.. well...$4#$b#I think we should just be friends.$7",
				"engageA": "You know I am the one who run the wedding... I am sure you want to go without a hitch...$3",
				"engageB": "You don't have to give this to me... you should of given it to your spouse-to-be.$1",
				"marriedA": "I find this highly offensive.$5",
				"marriedB": "You married %spouse. You shouldn't be out doing this.!$5",
				"refusal_knownA": "Give that to someone you like and I'll help with the wedding.",
				"refusal_knownB": "A pendant... I suppose you've found someone you like.",
				"refusal_botherA": "... Please do not joke like that.$7",
				"refusal_botherB": "Stop it. I've made myself clear.$5",
				"refusal_no_heartsA": "Ah... no. I'm not available.$2",
				"refusal_no_heartsB": "I have eyes elsewhere... besides I don't want the town thinking I pick favorites.",
				},
}