{
	"Entries": {
						"282815619/D Sandy/f Sandy 2000/t 1500 2000": "gusviolin/23 6/farmer 8 4 1 Sandy 25 5 0/skippable/pause 1500/playSound dwop/pause 500/playSound dwop/pause 200/move Sandy -3 0 0/pause 200/playSound crafting/pause 500/playSound crafting/pause 200/move Sandy 1 0 0/pause 400/playSound clank/pause 300/playSound clank/pause 1000/move Sandy 1 0 0/playSound dwop/pause 1000/move farmer 11 0 1/faceDirection Sandy 3/emote Sandy 16/pause 300/speak Sandy \"Oh, hi, @.#$b#Sorry I wasn't up front. Business was a little slow today so I decided to close up early and make a bite to eat.\"/pause 200/speak Sandy \"You weren't needing anything, were you?\"/pause 300/question fork1 \"#Nope! I just came by to see you.#Actually, I was hoping to do some shopping.\"/fork sandyShop/pause 400/speak Sandy \"Well, aren't you the honest one.#$b#I'm glad! Stick around. I'll share.$h\"/pause 300/emote farmer 32/move farmer 1 0 2/move farmer 0 1 1/move farmer 2 0 2/move farmer 0 2 0/faceDirection Sandy 2/pause 500/emote Sandy 56/pause 500/faceDirection Sandy 0/playSound dwop/pause 500/move Sandy 1 0 0/pause 300/playSound dwop/pause 200/move Sandy -3 0 0/pause 200/playSound crafting/pause 500/playSound crafting/pause 200/move Sandy 1 0 0/pause 400/playSound clank/pause 300/playSound clank/pause 1000/move Sandy 1 0 0/playSound dwop/pause 1000/speak Sandy \"You know, @... I'm thinking about packing up shop pretty soon.$s\"/pause 500/emote farmer 8/pause 300/speak Sandy \"Sandy's Oasis isn't doing so well lately. I know it always seems slow in here, but it's been worse lately...$s\"/move Sandy -1 0 0/pause 100/playSound clank/pause 500/speak Sandy \"I might move to Pelican Town, actually.\"/pause 500/emote farmer 8/pause 500/speak Sandy \"Emily said she and Haley could put me up for a little while, at least until I can get a place of my own there.\"/pause 1000/playSound dwop/pause 500/speak Sandy \"Anyways... It's just something I've been thinking about lately. Don't worry yourself about it.$h\"/pause 200/speak Sandy \"If I make any final decisions, I'll tell you.\"/move Sandy 1 0 0/pause 200/playSound crafting/pause 600/playSound dwop/pause 800/faceDirection Sandy 2/emote Sandy 56/speak Sandy \"Hey, @. Thanks for listening. I'm glad you stopped by.$h\"/pause 400/emote farmer 32/pause 400/speak Sandy \"Also... I burnt dinner. Let's order takeout instead?$h\"/pause 400/emote farmer 28/pause 2000/globalFade/viewport -1000 -1000/end warpOut",
						"sandyShop": "pause 500/speak Sandy \"Ah, sure... let me get this mess cleaned up and I'll meet you up front in a lick.$s\"/pause 1500/friendship Sandy -25/end position 2 7",
						"282815621/D Sandy/f Sandy 2500/t 2000 2350/n sandyDancing": "50s/4 6/farmer -10 -10 0 Sandy 2 5 2/pause 500/playSound doorClose/warp farmer 4 9/pause 200/emote Sandy 16/pause 400/speak Sandy \"Oh, hey there, @!\"/pause 300/move farmer 0 -2 3/move farmer -2 0 0/pause 500/speak Sandy \"You all ready for our big night out?$h\"/question fork1 \"#Sure am!#Not tonight, sorry.\"/fork notTonight/pause 500/emote Sandy 56/pause 500/speak Sandy \"Great!$h#$b#Let me close up the shop and we'll hop on the bus!$h\"/emote farmer 32/pause 1500/globalFade/viewport -1000 -1000/pause 1000/playSound busDriveOff/pause 1000/changeToTemporaryMap ClubZuzu/viewport -1000 -1000/warp farmer 10 10/faceDirection farmer 1/warp Sandy 11 10/faceDirection Sandy 3/playMusic poppy/viewport 12 9 true/ambientLight 0 0 0/pause 1500/emote Sandy 56/pause 500/speak Sandy \"Isn't this place fun?$h\"/pause 500/emote farmer 28/pause 1000/speak Sandy \"I love this song!$h#$b#@, let's dance!$h\"/pause 1000/globalFade/viewport -1000 -1000/pause 1500/warp farmer 18 6/warp Sandy 17 6/faceDirection farmer 3/faceDirection Sandy 1/viewport 17 7 true/playMusic poppy/pause 1500/emote Sandy 56/pause 500/message \"It's only been half an hour and Sandy has already had several drinks.\"/pause 800/emote Sandy 56/pause 500/speak Sandy \"Back to the dance floor, Mister!$4^Back to the dance floor, Missy!$4#$b#My body just wants to DANCE!$4\"/pause 1000/emote farmer 28/message \"Sandy can barely stand up by herself...\"/pause 1500/speak Sandy \"Well, aren't we going to DANCE?$7\"/pause 1000/question fork1 \"Should we stay?#Take Sandy home#Stay at Club Zuzu\"/fork stayAtClub/pause 1000/globalFade/viewport -1000 -1000/message \"You decide to take her home.\"/pause 500/playSound busDriveOff/pause 500/changeLocation SandyHouse/warp Sandy 32 7/showFrame Sandy 16/positionOffset Sandy 8 0 0/warp farmer 34 7/faceDirection farmer 3/playMusic none/ambientLight 0 0 0/viewport 34 6 true/pause 500/message \"You helped tuck Sandy in to bed.\"/pause 1000/emote Sandy 24/pause 500/message \"You should let her get some sleep.\"/pause 1500/speak Sandy \"Wait... @?$s\"/pause 500/emote farmer 8/pause 1500/speak Sandy \"...Thank you for bringing me home. What would I do without you...?$h\"/pause 1000/emote farmer 28/pause 1500/speak Sandy \"Hey... I love you.$4\"/pause 1000/question fork1 \"#I love you, too.#...You're drunk. Get some rest.\"/fork getRest/pause 1000/emote Sandy 24/pause 1000/message \"It's about time to head home. She'll be fine in the morning.\"/pause 1000/globalFade/viewport -1000 -1000/pause 500/mail morningAfter/end warpOut",
						"notTonight": "pause 500/speak Sandy \"...Why'd you bother coming all the way out here if you were busy? Did you need to buy something?$s\"/pause 500/friendship Sandy -250/end dialogue Sandy \"What can I help you with...?$s\"",
						"getRest": "pause 500/emote Sandy 12/pause 300/speak Sandy \"...$s\"/pause 1000/emote Sandy 24/pause 1000/message \"It's about time to head home. She'll be fine in the morning.\"/pause 1000/globalFade/viewport -1000 -1000/pause 500/friendship Sandy -250/end warpOut",
				},
}