{
	"Entries": {
				"give_flowersA": "Flowers! I love these! Thank you!$4",
				"give_flowersB": "You know, I never thought I'd get to see as many flowers as I do now.$h",
				"give_pendant": "Much as I appreciate it, wearing more than one would send... weird messages.$7",
				"engageA": "I... is it bad to say I want more?$7",
				"engageB": "I only need the one, sweetie.$4",
				"marriedA": "Are you building me a collection?$7#$b#Well, I can't say that I mind. They're beautiful.$h",
				"marriedB": "My my, sweetie. You sure are getting lucky finding these.$4",
				},
}