{
	"Entries": {
				"give_flowersA": "Flowers...$4#$b#... I actually disapprove of them being cut down for this reason.$2#$b#But I accept all the same.$h",
				"give_flowersB": "This is...$h#$b#Yes, I'll accept.$4#$b#Just remember my first love is nature.$h",
				"give_pendant": "I prefer living like this, but...$b#A farm is still a sustainable way of life. Yes, I'll marry you.$4#$b#A home. And one I can accept. I never thought I'd see the day... I love you.$h",
				"stardrop_gift": "@, my love, dear salt of the earth.$4#$b#Take this Yoba-given stardrop as a token of my appreciation.$h#$b#They provided them to strengthen us and our connection to the Earth.$h",
				"rejectNPCA": "I have no need for dating.  I rather live out here alone.",
				"rejectNPCB": "Thanks for the offer, but no thanks.$h",
				"reject_two_heartA": "That's not a good idea. Thanks though.$h",
				"reject_two_heartB": "Dating would take me from what I love most. So no.",
				"reject_four_heartA": "That wouldn't be good for your reputation.",
				"reject_four_heartB": "You can do a lot better than some random man living out in the woods.",
				"engageA": "I don't feel comfortable with this.$2",
				"engageB": "You shouldn't be giving this to me.$2",
				"marriedA": "Aren't you married?$2",
				"marriedB": "I might not know %spouse that much.  But I am sure this is not something they want in a marriage.$2",
				"refusal_knownA": "I prefer living like this.",
				"refusal_knownB": "I'm happy as I am.",
				"refusal_botherA": "... Please do not joke like that.$s",
				"refusal_botherB": "Stop it. I've made myself clear.$s",
				"refusal_no_heartsA": "I'm not looking to get married.  Thanks for the offer.$h",
				"refusal_no_heartsB": "Thanks but no thanks.",
				},
}