{
	"Format": "1.14.0",
	
	"ConfigSchema": {
		"Date Clint": {
			"AllowValues": "true, false" ,"Default": "true"
			},
		"ClintSprite": {
			"AllowValues": "Vanilla, Update, Other",  "Default": "Vanilla"
			},
		"ClintPort": {
			"AllowValues": "Vanilla, Update, Other", "Default": "Vanilla"
			},
		"Date Gus": {
			"AllowValues": "true, false", "Default": "true"
			},
		"GusSprite": {
			"AllowValues": "Vanilla, Update, Other" , "Default": "Vanilla"
			},		
		"GusPort": {
			"AllowValues": "Vanilla, Update, Other" , "Default": "Vanilla"
			},		
		"Date Lewis": {
			"AllowValues": "true, false" ,"Default": "true"
			},
		"LewisSprite": {
			"AllowValues": "Vanilla, Update, Other" , "Default": "Vanilla"
			},
		"LewisPort": {
			"AllowValues": "Vanilla, Update, Other" , "Default": "Vanilla"
			},
		"Date Linus": {
			"AllowValues": "true, false" ,"Default": "true"
			},
		"LinusSprite": { 
			"AllowValues": "Vanilla, Update, Other" , "Default": "Vanilla"
			},		
		"LinusPort": {
			"AllowValues": "Vanilla, Update, Other" , "Default": "Vanilla"
			},		
		"Date Marnie": {
			"AllowValues": "true, false" ,"Default": "true"
			},
		"MarnieSprite": {
			"AllowValues": "Vanilla, Update, Other" , "Default": "Vanilla"
			},
		"MarniePort": {
			"AllowValues": "Vanilla, Update, Other" , "Default": "Vanilla"
			},
		"Date Pam": { 
			"AllowValues": "true, false" ,"Default": "true"
			},
		"PamSprite": {
			"AllowValues": "Vanilla, Update, Other" , "Default": "Vanilla"
			},		
		"PamPort": { 
			"AllowValues": "Vanilla, Update, Other" , "Default": "Vanilla"
			},		
		"Date Sandy": {
			"AllowValues": "true, false" ,"Default": "true"
			},
		"SandySprite": {
			"AllowValues": "Vanilla, Update, Other" , "Default": "Vanilla"
			},
		"SandyPort": {
			"AllowValues": "Vanilla, Update, Other"  , "Default": "Vanilla"
			},
		"Date Willy": {
			"AllowValues": "true, false" ,"Default": "true"
			},
		"WillySprite": {
			"AllowValues": "Vanilla, Update, Other" , "Default": "Vanilla"
			},	
		"WillyPort": {
			"AllowValues": "Vanilla, Update, Other" , "Default": "Vanilla"
			},	
		"Date Wizard": {
			"AllowValues": "true, false" ,"Default": "true"
			},
		"WizardSprite": {
			"AllowValues": "Vanilla, Update, Other" , "Default": "Vanilla"
			},
		"WizardPort": {
			"AllowValues": "Vanilla, Update, Other" , "Default": "Vanilla"
			},
		},
	"Changes": [
		{
			"Action": "Load",
			"Target": "Maps/bathroomTiles, Maps/clubZuzuTiles, Maps/fancies, Maps/gusPicnicTiles, Maps/sleepingBagTiles",
			"FromFile": "assets/{{Target}}.png",
		},
		{
			"Action": "Load",
			"Target": "Characters/Buttercup, Characters/Hank, Portraits/Hank, Characters/James, Portraits/James, Characters/Khari, Portraits/Khari, Characters/Lin, Portraits/Lin",
			"FromFile": "assets/{{Target}}.png",
		},
		{
			"Action": "EditImage",
			"Target": "Characters/Clint",
			"FromFile": "assets/Characters/{{ClintSprite}}Clint.png",
		},
		{
			"Action": "EditImage",
			"Target": "Portraits/Clint",
			"FromFile": "assets/Portraits/{{ClintPort}}Clint.png",
		},
		{
			"LogName": "Clint_fix",
			"Action": "EditImage",
			"Target": "Characters/Clint",
			"FromFile": "assets/Characters/{{ClintSprite}}Clint_Kiss.png",
			"When": {
				"Relationship:Clint": "Married",
			},
		},
		{
			"LogName": "Clint_Geode",
			"Action": "EditImage",
			"Target": "Characters/Clint",
			"FromFile": "assets/Characters/{{ClintSprite}}Clint.png",
			"When": {
				"Relationship:Clint": "Married",
				"LocationName" : "Blacksmith"
			},
		},
		{
			"Action": "EditImage",
			"Target": "Characters/Willy",
			"FromFile": "assets/Characters/{{WillySprite}}Willy.png",
		},
		{
			"Action": "EditImage",
			"Target": "Portraits/Willy",
			"FromFile": "assets/Portraits/{{WillyPort}}Willy.png",
		},
		{
			"Action": "EditImage",
			"Target": "Characters/Gus",
			"FromFile": "assets/Characters/{{GusSprite}}Gus.png",
		},
		{
			"Action": "EditImage",
			"Target": "Portraits/Gus",
			"FromFile": "assets/Portraits/{{GusPort}}Gus.png",
		},
		{
			"Action": "EditImage",
			"Target": "Characters/Lewis",
			"FromFile": "assets/Characters/{{LewisSprite}}Lewis.png",
		},
		{
			"Action": "EditImage",
			"Target": "Portraits/Lewis",
			"FromFile": "assets/Portraits/{{LewisPort}}Lewis.png",
		},
		{
			"Action": "EditImage",
			"Target": "Characters/Linus",
			"FromFile": "assets/Characters/{{LinusSprite}}Linus.png",
		},
		{
			"Action": "EditImage",
			"Target": "Portraits/Linus",
			"FromFile": "assets/Portraits/{{LinusPort}}Linus.png",
		},
		{
			"Action": "EditImage",
			"Target": "Characters/Marnie",
			"FromFile": "assets/Characters/{{MarnieSprite}}Marnie.png",

		},
		{
			"Action": "EditImage",
			"Target": "Portraits/Marnie",
			"FromFile": "assets/Portraits/{{MarniePort}}Marnie.png",
		},
		{
			"Action": "EditImage",
			"Target": "Characters/Pam",
			"FromFile": "assets/Characters/{{PamSprite}}Pam.png",
		},
		{
			"Action": "EditImage",
			"Target": "Portraits/Pam",
			"FromFile": "assets/Portraits/{{PamPort}}Pam.png",
		},
		{
			"Action": "EditImage",
			"Target": "Characters/Wizard",
			"FromFile": "assets/Characters/{{WizardSprite}}Wizard.png",
		},
		{
			"Action": "EditImage",
			"Target": "Portraits/Wizard",
			"FromFile": "assets/Portraits/{{WizardPort}}Wizard.png",
		},
		{
			"Action": "EditImage",
			"Target": "Characters/Sandy",
			"FromFile": "assets/Characters/{{SandySprite}}Sandy.png",
		},
		{
			"Action": "EditImage",
			"Target": "Portraits/Sandy",
			"FromFile": "assets/Portraits/{{SandyPort}}Sandy.png",
		},
		{
			"Action": "Load",
			"Target": "Maps/forestEvent, Maps/ClubZuzu, Maps/gusPicnic, Maps/MarnieBarn, Maps/zuzuInn, Maps/meetingRoom, Maps/meetingRoom2, Maps/niceTrailer, Maps/Tent2",
			"FromFile": "assets/{{Target}}.tbin",
		},
		{
			"Action": "Load",
			"Target": "Maps/SandyHouse",
			"FromFile": "assets/Maps/SandyHouse.tbin",
			"When": {
				"Date Sandy": "true",
			},
		},
		{
			"Action": "Load",
			"Target": "Maps/WillyRoom",
			"FromFile": "assets/Maps/WillyRoom.tbin",
			"When": {
				"Date Willy": "true",
			},
		},
		{
			"Action": "Load",
			"Target": "Maps/WizardHouseBasement",
			"FromFile": "assets/Maps/WizardHouseBasement.tbin",
			"When": {
				"Date Wizard": "true",
				"HasMod:FlashShifter.StardewValleyExpandedCP": "false"
			},
		},
		{
            "Action": "Load",
            "Target": "Characters/schedules/Clint",
            "FromFile": "assets/Characters/schedules/Clint.json",
			"When": {
				"Date Clint": "true",
			},
		},
		{
            "Action": "Load",
            "Target": "Characters/schedules/Gus",
            "FromFile": "assets/Characters/schedules/Gus.json",
			"When": {
				"Date Gus": "true",
			},
		},
		{
            "Action": "Load",
            "Target": "Characters/schedules/Lewis",
            "FromFile": "assets/Characters/schedules/Lewis.json",
			"When": {
				"Date Lewis": "true",
			},
		},
		{
            "Action": "Load",
            "Target": "Characters/schedules/Linus",
            "FromFile": "assets/Characters/schedules/Linus.json",
			"When": {
				"Date Linus": "true",
			},
		},
		{
            "Action": "Load",
            "Target": "Characters/schedules/Marnie",
            "FromFile": "assets/Characters/schedules/Marnie.json",
			"When": {
				"Date Marnie": "true",
			},
		},
		{
            "Action": "Load",
            "Target": "Characters/schedules/Pam",
            "FromFile": "assets/Characters/schedules/Pam.json",
			"When": {
				"Date Pam": "true",
			},
		},
		{
            "Action": "Load",
            "Target": "Characters/schedules/Sandy",
            "FromFile": "assets/Characters/schedules/Sandy.json",
			"When": {
				"Date Sandy": "true",
			},
		},
		{
            "Action": "Load",
            "Target": "Characters/schedules/Willy",
            "FromFile": "assets/Characters/schedules/Willy.json",
			"When": {
				"Date Willy": "true",
			},
		},
		{
            "Action": "Load",
            "Target": "Characters/schedules/Wizard",
            "FromFile": "assets/Characters/schedules/Wizard.json",
			"When": {
				"Date Wizard": "true",
				"HasMod:FlashShifter.StardewValleyExpandedCP": "false"
			},
		},
		{
            "Action": "Load",
            "Target": "Characters/schedules/Wizard",
            "FromFile": "assets/Characters/schedules/WizardSVE.json",
			"When": {
				"Date Wizard": "true",
				"HasMod": "FlashShifter.StardewValleyExpandedCP"
			},
		},
		{
            "Action": "EditData",
            "Target": "Characters/schedules/Wizard",
            "Entries": {
			"marriage_Mon": "900 WizardHouse 3 19 2/950 WizardHouse 2 22 0/1030 WizardHouse 1 19 0/1100 WizardHouse 3 22 0/1130 WizardHouse 8 13 0/1200 WizardBasement 23 6 2 Wizard_Meditate/1630 WizardHouse 5 17 2/1800 WizardHouse 10 17 2 Wizard_Meditate/2000 Forest 68 -1 0",
			"marriage_Thu": "630 WizardHouse 10 17 2 Wizard_Meditate/1210 WizardHouse 10 29 0/1240 WizardHouse 11 32 1/1300 WizardHouse 7 32 3/1320 WizardHouse 2 29 0/1340 WizardHouse 2 29 3/1400 WizardHouse 5 17 2/1700 Forest 68 -1 0",
			"marriage_Fri": "630 WizardBasement 4 18 3/730 WizardBasement 4 16 3/750 WizardBasement 4 14 3/820 WizardBasement 4 10 3/850 WizardBasement 10 13 0/920 WizardBasement 11 13 0/940 WizardBasement 13 13 0/1000 WizardBasement 19 13 0/1020 WizardBasement 21 13 0/1040 WizardBasement 14 5 0/1110 WizardBasement 19 5 0/1130 WizardBasement 23 5 0/1210 WizardHouse 4 17 2/1330 Forest 12 27 2 Wizard_Meditate/1640 WizardHouse 4 17 2/1740 WizardHouse 3 22 0/1840 Forest 68 -1 0",
			"marriage_Sun": "630 Forest 14 28 2 Wizard_Meditate/830 WizardHouse 5 15 2/1050 Forest 10 24 0/1140 Forest 4 23 3/1220 Forest 1 24 1/1240 Forest 2 26 0/1300 WizardHouse 8 13 0/1400 WizardHouse 2 17 3/1430 WizardHouse 10 17 2 Wizard_Concentrate2/1700 Forest 68 -1 0",
			},
			"When": {
				"Date Wizard": "true",
				"HasMod": "FlashShifter.StardewValleyExpandedCP"
			},
		},
		{
            "Action": "EditData",
            "Target": "Characters/schedules/Wizard",
            "Entries": {
			"marriage_Mon": "810 WizardHouse 10 17 2 Wizard_Meditate/1130 AdventureGuild 4 13 0/2200 Forest 68 -1 0",
			"marriage_Fri": "620 WizardHouse 3 22 0/900 ForestWest 52 117 0 Wizard_Concentrate/1900 Forest 68 -1 0",
			},
			"When": {
				"Day": "12, 24",
				"Date Wizard": "true",
				"HasMod": "FlashShifter.StardewValleyExpandedCP",
			},
		},
		{
			"Action": "EditData",
			"Target": "Data/NPCDispositions",
			"Fields": {
				"Clint": {
					5: "datable",
				}
			},
			"When": {
				"Date Clint": "true",
			},
		},
		{
			"Action": "EditData",
			"Target": "Data/NPCDispositions",
			"Fields": {
			    "Willy": {
					5: "datable",
				},
			},
			"When": {
				"Date Willy": "true",
			},
		},
		{
			"Action": "EditData",
			"Target": "Data/NPCDispositions",
			"Fields": {
				"Gus": {
					5: "datable",
				},
			},
			"When": {
				"Date Gus": "true",
			},
		},
		{
			"Action": "EditData",
			"Target": "Data/NPCDispositions",
			"Fields": {
				"Lewis": {
					5: "datable",
				},
			},
			"When": {
				"Date Lewis": "true",
			},
		},
		{
			"Action": "EditData",
			"Target": "Data/NPCDispositions",
			"Fields": {
				"Linus": {
					5: "datable",
				},
			},
			"When": {
				"Date Linus": "true",
			},
		},
		{
			"Action": "EditData",
			"Target": "Data/NPCDispositions",
			"Fields": {
				"Marnie": {
					5: "datable",
				},
			},
			"When": {
				"Date Marnie": "true",
			},
		},
		{
			"Action": "EditData",
			"Target": "Data/NPCDispositions",
			"Fields": {
				"Pam": {
					5: "datable"
				},
			},
			"When": {
				"Date Pam": "true",
			},
		},
		{
			"Action": "EditData",
			"Target": "Data/NPCDispositions",
			"Fields": {
			    "Wizard": {
					5: "datable",
				},
			},
			"When": {
				"Date Wizard": "true",
			},
		},
		{
			"Action": "EditData",
			"Target": "Data/NPCDispositions",
			"Fields": {
			    "Wizard": { 
					11: "Magnus",
				},
			},
			"When": {
				"Date Wizard": "true",
				"HasSeenEvent": "282815631",
			},
		},
		{
			"Action": "EditData",
			"Target": "Data/NPCDispositions",
			"Fields": {
				"Sandy": {
					5: "datable",
				},
			},
			"When": {
				"Date Sandy": "true",
			},
		},
		{
			"Action": "EditData",
			"Target": "Data/Festivals/spring13, Data/Festivals/spring24, Data/Festivals/summer11, Data/Festivals/summer28, Data/Festivals/fall16, Data/Festivals/fall27, Data/Festivals/winter8, Data/Festivals/winter25",
			"FromFile": "Assets/Dialogue/Sandy/Festival{{TargetWithoutPath}}-en.json"
		},
		{
			"Action": "EditData",
			"Target": "Data/Festivals/spring13, Data/Festivals/spring24, Data/Festivals/summer11, Data/Festivals/summer28, Data/Festivals/fall16, Data/Festivals/fall27, Data/Festivals/winter8, Data/Festivals/winter25",
			"FromFile": "Assets/Dialogue/Sandy/Festival{{TargetWithoutPath}}-{{language}}.json",
			"When": {"HasFile: Assets/Dialogue/Sandy/Festival{{TargetWithoutPath}}-{{language}}.json": "true"},
		},
		{
			"Action": "EditData",
			"Target": "Data/EngagementDialogue, Data/ExtraDialogue, Data/mail",
			"FromFile": "Assets/Dialogue/{{TargetWithoutPath}}-en.json"
		},
		{
			"Action": "EditData",
			"Target": "Data/EngagementDialogue, Data/ExtraDialogue, Data/mail",
			"FromFile": "Assets/Dialogue/{{TargetWithoutPath}}-{{language}}.json",
			"When": {"HasFile: Assets/Dialogue/{{TargetWithoutPath}}-{{language}}.json": "true"},
		},
		{
			"Action": "EditData",
			"Target": "Data/mail",
			"FromFile": "Assets/Dialogue/Willy/mail-en.json",
			"When": {
				"Spouse": "Willy",
			},
		},
		{
			"Action": "EditData",
			"Target": "Data/mail",
			"FromFile": "Assets/Dialogue/Willy/mail-{{language}}.json",
			"When": {
				"Spouse": "Willy",
				"HasFile: assets/Dialogue/Willy/mail-{{language}}.json": "true"
			},
		},
		{
			"Action": "EditData",
			"Target": "Data/mail",
			"FromFile": "Assets/Dialogue/Clint/ClintJob-en.json",
		},
		{
			"Action": "EditData",
			"Target": "Data/mail",
			"FromFile": "Assets/Dialogue/Clint/ClintJob-{{language}}.json",
			"When": {
				"HasFile: Assets/Dialogue/Clint/ClintJob-{{language}}.json": "true"
			},
		},
		{
			"Action": "EditData",
			"Target": "Data/mail",
			"FromFile": "Assets/Dialogue/Clint/ClintJobDating-en.json",
			"When": {
				"Relationship:Clint": "Dating",	
			},			
		},
		{
			"Action": "EditData",
			"Target": "Data/mail",
			"FromFile": "Assets/Dialogue/Clint/ClintJobDating-{{language}}.json",
			"When": {
				"Relationship:Clint": "Dating",
				"HasFile: Assets/Dialogue/Clint/ClintJobDating-{{language}}.json": "true"
			},
		},
		{
			"Action": "EditData",
			"Target": "Data/mail",
			"FromFile": "Assets/Dialogue/Clint/ClintJobSpouse-en.json",
			"When": {
				"Spouse": "Clint",	
			},			
		},
		{
			"Action": "EditData",
			"Target": "Data/mail",
			"FromFile": "Assets/Dialogue/Clint/ClintJobSpouse-{{language}}.json",
			"When": {
				"Spouse": "Clint",
				"HasFile: Assets/Dialogue/Clint/ClintJobSpouse-{{language}}.json": "true"
			},
		},
		{
			"Action": "EditData",
			"Target": "Data/Quests",
			"FromFile": "Assets/Dialogue/Clint/EmilyResponse-en.json",
			"When": {
				"Relationship:Clint": "Dating",	
			},			
		},
		{
			"Action": "EditData",
			"Target": "Data/Quests",
			"FromFile": "Assets/Dialogue/Clint/EmilyResponse-{{language}}.json",
			"When": {
				"Relationship:Clint": "Dating",
				"HasFile: Assets/Dialogue/Clint/EmilyResponse-{{language}}.json": "true"
			},
		},
		{
			"Action": "EditData",
			"Target": "Data/Quests",
			"FromFile": "Assets/Dialogue/Clint/EmilyResponseSpouse-en.json",
			"When": {
				"Spouse": "Clint",	
			},			
		},
		{
			"Action": "EditData",
			"Target": "Data/Quests",
			"FromFile": "Assets/Dialogue/Clint/EmilyResponseSpouse-{{language}}.json",
			"When": {
				"Spouse": "Clint",
				"HasFile: Assets/Dialogue/Clint/EmilyResponseSpouse-{{language}}.json": "true"
			},
		},
		{
            "Action": "Load",
            "Target": "Data/Events/Blacksmith",
            "FromFile": "assets/Data/Events/Blacksmith-en.xnb",
			"When": {
				"Date Clint": "true",
			},
		},
		{
            "Action": "EditData",
            "Target": "Data/Events/Blacksmith",
            "FromFile": "assets/Data/Events/Blacksmith-{{language}}.json",
			"When": {
				"Date Clint": "true",
				"HasFile: assets/Data/Events/Blacksmith-{{language}}.json": "true"
			},
		},
		{
			"Action": "EditData",
			"Target": "Data/Events/Mountain, Data/Events/Farm",
            "FromFile": "assets/Dialogue/Clint/Event{{TargetWithoutPath}}-en.json",
			"When": {
				"Date Clint": "true",
			},
		},
		{
			"Action": "EditData",
			"Target": "Data/Events/Mountain, Data/Events/Farm",
            "FromFile": "assets/Dialogue/Clint/Event{{TargetWithoutPath}}-{{language}}.json",
			"When": {
				"Date Clint": "true",
				"HasFile: assets/Dialogue/Clint/Event{{TargetWithoutPath}}-{{language}}.json": "true"
			},
		},
		{
			"Action": "EditData",
			"Target": "Data/Events/Farm, Data/Events/Saloon, Data/Events/Temp",
            "FromFile": "assets/Dialogue/Gus/Event{{TargetWithoutPath}}-en.json",
			"When": {
				"Date Gus": "true",
			},
		},
		{
			"Action": "EditData",
			"Target": "Data/Events/Farm, Data/Events/Saloon, Data/Events/Temp",
            "FromFile": "assets/Dialogue/Gus/Event{{TargetWithoutPath}}-{{language}}.json",
			"When": {
				"Date Gus": "true",
				"HasFile: assets/Dialogue/Gus/Event{{TargetWithoutPath}}-{{language}}.json": "true"
			},
		},
		{
			"Action": "EditData",
			"Target": "Data/Events/Farm, Data/Events/ManorHouse, Data/Events/Temp, Data/Events/Town,",
            "FromFile": "assets/Dialogue/Lewis/Event{{TargetWithoutPath}}-en.json",
			"When": {
				"Date Lewis": "true",
			},
		},
		{
			"Action": "EditData",
			"Target": "Data/Events/Farm, Data/Events/ManorHouse, Data/Events/Temp, Data/Events/Town,",
            "FromFile": "assets/Dialogue/Lewis/Event{{TargetWithoutPath}}-{{language}}.json",
			"When": {
				"Date Lewis": "true",
				"HasFile: assets/Dialogue/Lewis/Event{{TargetWithoutPath}}-{{language}}.json": "true"
			},
		},
		{
			"Action": "EditData",
			"Target": "Data/Events/Farm, Data/Events/Mountain",
            "FromFile": "assets/Dialogue/Linus/Event{{TargetWithoutPath}}-en.json",
			"When": {
				"Date Linus": "true",
			},
		},
		{
			"Action": "EditData",
			"Target": "Data/Events/Farm, Data/Events/Mountain",
            "FromFile": "assets/Dialogue/Linus/Event{{TargetWithoutPath}}-{{language}}.json",
			"When": {
				"Date Linus": "true",
				"HasFile: assets/Dialogue/Linus/Event{{TargetWithoutPath}}-{{language}}.json": "true"
			},
		},
		{
			"Action": "EditData",
			"Target": "Data/Events/AnimalShop, Data/Events/Forest, Data/Events/Temp",
            "FromFile": "assets/Dialogue/Marnie/Event{{TargetWithoutPath}}-en.json",
			"When": {
				"Date Marnie": "true",
			},
		},
		{
			"Action": "EditData",
			"Target": "Data/Events/AnimalShop, Data/Events/Forest, Data/Events/Temp",
            "FromFile": "assets/Dialogue/Marnie/Event{{TargetWithoutPath}}-{{language}}.json",
			"When": {
				"Date Marnie": "true",
				"HasFile: assets/Dialogue/Marnie/Event{{TargetWithoutPath}}-{{language}}.json": "true"
			},
		},
		{
			"Action": "EditData",
			"Target": "Data/Events/Farm, Data/Events/Temp, Data/Events/Trailer",
            "FromFile": "assets/Dialogue/Pam/Event{{TargetWithoutPath}}-en.json",
			"When": {
				"Date Pam": "true",
			},
		},
		{
			"Action": "EditData",
			"Target": "Data/Events/Farm, Data/Events/Temp, Data/Events/Trailer",
            "FromFile": "assets/Dialogue/Pam/Event{{TargetWithoutPath}}-{{language}}.json",
			"When": {
				"Date Pam": "true",
				"HasFile: assets/Dialogue/Pam/Event{{TargetWithoutPath}}-{{language}}.json": "true"
			},
		},		
		{
			"Action": "EditData",
			"Target": "Data/Events/Farm, Data/Events/SandyHouse, Data/Events/Temp",
            "FromFile": "assets/Dialogue/Sandy/Event{{TargetWithoutPath}}-en.json",
			"When": {
				"Date Sandy": "true",
			},
		},
		{
			"Action": "EditData",
			"Target": "Data/Events/Farm, Data/Events/SandyHouse, Data/Events/Temp",
            "FromFile": "assets/Dialogue/Sandy/Event{{TargetWithoutPath}}-{{language}}.json",
			"When": {
				"Date Sandy": "true",
				"HasFile: assets/Dialogue/Sandy/Event{{TargetWithoutPath}}-{{language}}.json": "true"
			},
		},		
		{
			"Action": "Load",
			"Target": "Data/Events/FishShop",
			"FromFile": "assets/Data/Events/FishShop-en.xnb",
			"When": {
				"Date Willy": "true",
			},
		},
		{
			"Action": "EditData",
			"Target": "Data/Events/FishShop",
			"FromFile": "assets/Data/Events/FishShop-{{language}}.json",
			"When": {
				"Date Willy": "true",
				"HasFile: assets/Data/Events/FishShop-{{language}}.json": "true"
			},
		},		
		{
			"Action": "EditData",
			"Target": "Data/Events/Farm, Data/Events/Temp",
            "FromFile": "assets/Dialogue/Willy/Event{{TargetWithoutPath}}-en.json",
			"When": {
				"Date Willy": "true",
			},
		},
		{
			"Action": "EditData",
			"Target": "Data/Events/Farm, Data/Events/Temp",
            "FromFile": "assets/Dialogue/Willy/Event{{TargetWithoutPath}}-{{language}}.json",
			"When": {
				"Date Willy": "true",
				"HasFile: assets/Dialogue/Willy/Event{{TargetWithoutPath}}-{{language}}.json": "true"
			},
		},
		{
			"Action": "EditData",
			"Target": "Data/Events/Farm, Data/Events/WizardHouse, Data/Events/Woods",
            "FromFile": "assets/Dialogue/Wizard/Event{{TargetWithoutPath}}-en.json",
			"When": {
				"Date Wizard": "true",
			},
		},
		{
			"Action": "EditData",
			"Target": "Data/Events/Farm, Data/Events/WizardHouse, Data/Events/Woods",
            "FromFile": "assets/Dialogue/Wizard/Event{{TargetWithoutPath}}-{{language}}.json",
			"When": {
				"Date Wizard": "true",
				"HasFile: assets/Dialogue/Wizard/Event{{TargetWithoutPath}}-{{language}}.json": "true"
			},
		},
		{
			"Action": "EditData",
			"Target": "Data/Events/WizardHouse",
            "FromFile": "assets/Dialogue/Wizard/EventWizardHouseSVE-en.json",
			"When": {
				"Date Wizard": "true",
				"HasMod:FlashShifter.StardewValleyExpandedCP": "true"
			},
		},
		{
			"Action": "EditData",
			"Target": "Data/Events/WizardHouse",
            "FromFile": "assets/Dialogue/Wizard/EventWizardHouseSVE-{{language}}.json",
			"When": {
				"Date Wizard": "true",
				"HasMod:FlashShifter.StardewValleyExpandedCP": "true",
				"HasFile: assets/Dialogue/Wizard/EventWizardHouseSVE-{{language}}.json": "true"
			},
		},		
		{
			"Action": "EditData",
			"Target": "Characters/Dialogue/Clint, Characters/Dialogue/Gus, Characters/Dialogue/Lewis, Characters/Dialogue/Linus, Characters/Dialogue/Marnie, Characters/Dialogue/Pam, Characters/Dialogue/Sandy, Characters/Dialogue/Willy, Characters/Dialogue/Wizard",
            "FromFile": "assets/Dialogue/{{TargetWithoutPath}}/Dialogue-en.json",
		},
		{
			"Action": "EditData",
			"Target": "Characters/Dialogue/Clint, Characters/Dialogue/Gus, Characters/Dialogue/Lewis, Characters/Dialogue/Linus, Characters/Dialogue/Marnie, Characters/Dialogue/Pam, Characters/Dialogue/Sandy, Characters/Dialogue/Willy, Characters/Dialogue/Wizard",
            "FromFile": "assets/Dialogue/{{TargetWithoutPath}}/Dialogue-{{language}}.json",
	        "When": {"HasFile: assets/Dialogue/{{TargetWithoutPath}}/Dialogue-{{language}}.json": "true"}
		},
		{
			"Action": "EditData",
			"Target": "Characters/Dialogue/Clint, Characters/Dialogue/Gus, Characters/Dialogue/Lewis, Characters/Dialogue/Linus, Characters/Dialogue/Marnie, Characters/Dialogue/Pam, Characters/Dialogue/Sandy, Characters/Dialogue/Willy, Characters/Dialogue/Wizard",
            "FromFile": "assets/Dialogue/{{TargetWithoutPath}}/UCR-en.json",
			"When": {
			"HasMod": "misscoriel.courtship"
			},
		},
		{
			"Action": "EditData",
			"Target": "Characters/Dialogue/Clint, Characters/Dialogue/Gus, Characters/Dialogue/Lewis, Characters/Dialogue/Linus, Characters/Dialogue/Marnie, Characters/Dialogue/Pam, Characters/Dialogue/Sandy, Characters/Dialogue/Willy, Characters/Dialogue/Wizard",
            "FromFile": "assets/Dialogue/{{TargetWithoutPath}}/UCR-{{language}}.json",
			"When": {
			"HasMod": "misscoriel.courtship",
			"HasFile: assets/Dialogue/{{TargetWithoutPath}}/UCR-{{language}}.json": "true"
			},
		},
		{
			"Action": "EditData",
			"Target": "Characters/Dialogue/Clint, Characters/Dialogue/Gus, Characters/Dialogue/Lewis, Characters/Dialogue/Linus, Characters/Dialogue/Marnie, Characters/Dialogue/Pam, Characters/Dialogue/Sandy, Characters/Dialogue/Willy, Characters/Dialogue/Wizard",
            "FromFile": "assets/Dialogue/{{TargetWithoutPath}}/UCRSpouse-en.json",
			"When": {
			"HasMod": "misscoriel.courtship",
			"Spouse": "{{TargetWithoutPath}}"
			},
		},
		{
			"Action": "EditData",
			"Target": "Characters/Dialogue/Clint, Characters/Dialogue/Gus, Characters/Dialogue/Lewis, Characters/Dialogue/Linus, Characters/Dialogue/Marnie, Characters/Dialogue/Pam, Characters/Dialogue/Sandy, Characters/Dialogue/Willy, Characters/Dialogue/Wizard",
            "FromFile": "assets/Dialogue/{{TargetWithoutPath}}/UCRSpouse-{{language}}.json",
			"When": {
			"HasMod": "misscoriel.courtship",
			"Spouse": "{{TargetWithoutPath}}",
			"HasFile: assets/Dialogue/{{TargetWithoutPath}}/UCRSpouse-{{language}}.json": "true"
			},
		},
		{
			"Action": "Load",
			"Target": "Characters/Dialogue/MarriageDialogueClint, Characters/Dialogue/MarriageDialogueGus, Characters/Dialogue/MarriageDialogueLewis, Characters/Dialogue/MarriageDialogueLinus, Characters/Dialogue/MarriageDialogueMarnie, Characters/Dialogue/MarriageDialoguePam, Characters/Dialogue/MarriageDialogueSandy, Characters/Dialogue/MarriageDialogueWilly, Characters/Dialogue/MarriageDialogueWizard",
			"FromFile": "assets/Dialogue/{{TargetWithoutPath}}-en.json",
		},
		{
			"Action": "EditData",
			"Target": "Characters/Dialogue/MarriageDialogueClint, Characters/Dialogue/MarriageDialogueGus, Characters/Dialogue/MarriageDialogueLewis, Characters/Dialogue/MarriageDialogueLinus, Characters/Dialogue/MarriageDialogueMarnie, Characters/Dialogue/MarriageDialoguePam, Characters/Dialogue/MarriageDialogueSandy, Characters/Dialogue/MarriageDialogueWilly, Characters/Dialogue/MarriageDialogueWizard",
			"FromFile": "assets/Dialogue/{{TargetWithoutPath}}-{{language}}.json",
			"When": {"HasFile: assets/Dialogue/{{TargetWithoutPath}}-{{language}}.json": "true"}
		},
		{
			"Action": "EditData",
			"Target": "Strings/schedules/Clint, Strings/schedules/Gus, Strings/schedules/Lewis, Strings/schedules/Linus, Strings/schedules/Pam, Strings/schedules/Willy",
            "FromFile": "assets/Dialogue/{{TargetWithoutPath}}/ScheduleStrings-en.json",
		},
		{
			"Action": "EditData",
			"Target": "Strings/schedules/Clint, Strings/schedules/Gus, Strings/schedules/Lewis, Strings/schedules/Linus, Strings/schedules/Pam, Strings/schedules/Willy",
            "FromFile": "assets/Dialogue/{{TargetWithoutPath}}/ScheduleStrings-{{language}}.json",
			"When": {"HasFile: assets/Dialogue/{{TargetWithoutPath}}/ScheduleStrings-{{language}}.json": "true"}
		},
		{
			"Action": "Load",
			"Target": "Strings/schedules/Sandy, Strings/schedules/Wizard",
			"FromFile": "assets/Dialogue/{{TargetWithoutPath}}/ScheduleStrings-en.json",
		},
		{
			"Action": "EditData",
			"Target": "Strings/schedules/Sandy, Strings/schedules/Wizard",
			"FromFile": "assets/Dialogue/{{TargetWithoutPath}}/ScheduleStrings-{{language}}.json",
			"When": {"HasFile: assets/Dialogue/{{TargetWithoutPath}}/ScheduleStrings-{{language}}.json": "true"}
		},
		{
			"Action": "EditData",
			"Target": "Strings/StringsFromMaps",
			"FromFile": "assets/Data/MapStrings-en.json",
		},
		{
			"Action": "EditData",
			"Target": "Strings/StringsFromMaps",
			"FromFile": "assets/Data/MapStrings-{{language}}.json",
			"When": {"HasFile: assets/Data/MapStrings-{{language}}.json": "true"},
		},
		{
			"Action": "EditData",
			"Target": "Strings/StringsFromCSFiles",
			"FromFile": "assets/Data/MarriageVows-en.json",
			"When": {
				"Spouse": "Marnie, Pam, Sandy"
			},
		},
		{
			"Action": "EditData",
			"Target": "Strings/StringsFromCSFiles",
			"FromFile": "assets/Data/MarriageVows-{{language}}.json",
			"When": {
				"Spouse": "Marnie, Pam, Sandy",
				"HasFile: assets/Data/MarriageVows-{{language}}.json": "true"
			},
		},
	]
}