{
	"Entries": {
				"marriage_Fri.000": "Oh, hello, dear. I'm getting the place ready for tonight.",
				"marriage_Fri.001": "Things are getting more lively. Why don't you stay awhile, honey?$h",
				"marriage_Sat.000": "Surprisingly, not so many people show up on Saturday. Mostly I just clean up last night's messes.",
				"marriage_Sun.000": "Today's a short day, honey. I'll be home soon!",
				"marriage_Mon.000": "Hi, honey. I'm getting some supplies for the saloon.$h",
				"marriage_Mon.001": "This place isn't going to run itself. I'll see you tonight.",
				},
}